domain,bookmark_count,ipv4,asn,org,geo_country,geo_city,lat,lon
data.cityofnewyork.us,12,52.206.68.26,14618,AMAZON-AES - Amazon.com,United States,Ashburn,39.0438,-77.4874
www.jstor.org,10,151.101.8.152,54113,FASTLY - Fastly,Belgium,Brussels,50.8534,4.347
github.com,8,140.82.121.3,36459,GITHUB - GitHub,Germany,Frankfurt am Main,50.1169,8.6837
mitpress.mit.edu,8,23.219.226.29,16625,AKAMAI-AS - Akamai Technologies,Belgium,Brussels,50.8534,4.347
direct.mit.edu,8,104.18.12.179,13335,CLOUDFLARENET - Cloudflare,Canada,Toronto,43.6532,-79.3832
archive.org,7,207.241.224.2,7941,INTERNET-ARCHIVE - Internet Archive,United States,San Francisco,37.7823,-122.472
www.youtube.com,6,142.251.173.91,15169,GOOGLE - Google LLC,United States,Mountain View,37.4225,-122.085
www.routledge.com,6,104.17.184.26,13335,CLOUDFLARENET - Cloudflare,Canada,Toronto,43.6532,-79.3832
onlinelibrary.wiley.com,6,162.159.129.87,13335,CLOUDFLARENET - Cloudflare,Canada,Toronto,43.6532,-79.3832
en.wikipedia.org,5,185.15.59.224,14907,WIKIMEDIA - Wikimedia Foundation Inc.,The Netherlands,Amsterdam,52.3676,4.90414
vimeo.com,5,162.159.138.60,13335,CLOUDFLARENET - Cloudflare,Canada,Toronto,43.6532,-79.3832
www.upress.umn.edu,5,162.159.134.42,13335,CLOUDFLARENET - Cloudflare,Canada,Toronto,43.6532,-79.3832
senseable.mit.edu,4,18.27.129.7,3,MIT-GATEWAYS - Massachusetts Institute of Technology,United States,Cambridge,42.3649,-71.0987
www.aaronkoblin.com,3,205.196.219.75,26347,DREAMHOST-AS - New Dream Network,United States,Portland,45.5152,-122.678
www.aestheticsofexclusion.com,3,77.95.248.78,43190,GL-IX-AS - Totaalnet Internet Works B.V.,The Netherlands,Duiven,51.963,6.01828
www.lexiconofdesignresearch.com,3,185.27.142.130,48635,CLDIN-NL - Your Hosting B.V.,The Netherlands,Eindhoven,51.4614,5.4702
www.iaacblog.com,3,104.21.62.4,13335,CLOUDFLARENET - Cloudflare,Canada,Toronto,43.6532,-79.3832
www.wilsonquarterly.com,3,66.33.60.67,16509,AMAZON-02 - Amazon.com,United States,Walnut,34.0119,-117.86
press.princeton.edu,3,23.185.0.4,54113,FASTLY - Fastly,United States,San Francisco,37.7922,-122.406
www.google.be,3,64.233.184.94,15169,GOOGLE - Google LLC,United States,Mountain View,37.422,-122.084
www.sciencedirect.com,3,203.22.241.8,209242,"CLOUDFLARESPECTRUM - Cloudflare London, LLC",United Kingdom,London,51.5072,-0.127586
learn.adafruit.com,2,104.20.10.3,13335,CLOUDFLARENET - Cloudflare,Canada,Toronto,43.6532,-79.3832
www.nyc.gov,2,23.60.209.171,16625,AKAMAI-AS - Akamai Technologies,Belgium,Brussels,50.8534,4.347
nyc.maps.arcgis.com,2,13.225.239.33,16509,AMAZON-02 - Amazon.com,Belgium,Brussels,50.8476,4.35717
responsiblesensinglab.org,2,185.61.52.106,201873,FMO-SOLUTIONS - FMO Solutions B.V.,The Netherlands,Amsterdam,52.3672,4.918
www.creativeapplications.net,2,98.129.229.144,53824,LIQUIDWEB - Liquid Web,United States,Lansing,42.6898,-84.6427
nearfuturelaboratory.com,2,104.21.35.32,13335,CLOUDFLARENET - Cloudflare,Canada,Toronto,43.6532,-79.3832
www.youandpea.com,2,198.185.159.144,53831,SQUARESPACE - Squarespace,United States,New York,40.7126,-74.0066
www.cabinetmagazine.org,2,54.209.59.13,14618,AMAZON-AES - Amazon.com,United States,Ashburn,39.0438,-77.4874
www.archdaily.com,2,13.225.239.97,16509,AMAZON-02 - Amazon.com,Belgium,Brussels,50.8476,4.35717
www.joostgrootens.nl,2,185.37.70.55,48635,CLDIN-NL - Your Hosting B.V.,The Netherlands,Zwolle,52.5093,6.06837
cd-labor.de,2,172.67.209.77,13335,CLOUDFLARENET - Cloudflare,Canada,Toronto,43.6532,-79.3832
stamen.com,2,141.193.213.11,209242,"CLOUDFLARESPECTRUM - Cloudflare London, LLC",United States,Austin,30.2681,-97.7462
www.dwbowen.com,2,198.185.159.145,53831,SQUARESPACE - Squarespace,United States,New York,40.7209,-74.001
www.smoutallen.com,2,198.49.23.145,53831,SQUARESPACE - Squarespace,United States,New York,40.7292,-74.0055
www.thinkarchitecture.net,2,51.38.84.134,16276,OVH - OVH SAS,United Kingdom,City of London,51.5113,-0.079212
www.mathurdacunha.com,2,198.185.159.145,53831,SQUARESPACE - Squarespace,United States,New York,40.7209,-74.001
www.fictional-journal.com,2,46.30.213.39,51468,ONECOM - One.com A/S,Denmark,Copenhagen,55.674,12.5696
www.exparch.at,2,91.227.205.222,57169,EDIS-AS-EU - EDIS GmbH,Austria,Raaba,47.0314,15.4978
cardiffmiller.com,2,192.250.237.59,36218,WHG-CAN - WHG Hosting Services Ltd,Canada,Toronto,43.709,-79.4057
bigbangdata.cccb.org,2,104.26.5.171,13335,CLOUDFLARENET - Cloudflare,Canada,Toronto,43.6532,-79.3832
julianoliver.com,2,159.69.60.144,24940,HETZNER-AS - Hetzner Online GmbH,Germany,Falkenstein,50.4777,12.3649
crew.brussels,2,5.134.4.200,34762,COMBELL-AS - Combell NV,Belgium,Ghent,51.0308,3.73532
www.blasttheory.co.uk,2,172.67.130.192,13335,CLOUDFLARENET - Cloudflare,Canada,Toronto,43.6532,-79.3832
newart.city,2,64.225.90.25,14061,DIGITALOCEAN-ASN - DigitalOcean,United States,Santa Clara,37.3931,-121.962
abelardogfournier.org,2,185.199.108.153,54113,FASTLY - Fastly,United States,San Francisco,37.7823,-122.391
www.jennyodell.com,2,204.44.192.18,23273,HOSTP-LA - HostPapa,United States,Los Angeles,34.0549,-118.243
thefunambulist.net,2,172.67.71.128,13335,CLOUDFLARENET - Cloudflare,Canada,Toronto,43.6532,-79.3832
waag.org,2,37.27.34.167,24940,HETZNER-AS - Hetzner Online GmbH,Finland,Helsinki,60.1719,24.9347
www.google.com,2,64.233.184.99,15169,GOOGLE - Google LLC,United States,Mountain View,37.422,-122.084
dzieje.pl,2,193.200.216.116,43062,PAP-AS - Polska Agencja Prasowa SA,Poland,Warsaw,52.2305,21.0244
failedarchitecture.com,2,213.108.104.107,47172,GREENHOST - Greenhost BV,The Netherlands,Amsterdam,52.3539,4.91309
freedomhouse.org,2,104.20.4.128,13335,CLOUDFLARENET - Cloudflare,Canada,Toronto,43.6532,-79.3832
leonardo.info,2,52.170.206.220,8075,MICROSOFT-CORP-MSN-AS-BLOCK - Microsoft Corporation,United States,Boydton,36.677696,-78.37471
www.deslegte.com,2,93.119.6.199,20857,TRANSIP-AS - Signet B.V.,The Netherlands,Leiden,52.163,4.47611
amps-research.com,2,141.193.213.10,209242,"CLOUDFLARESPECTRUM - Cloudflare London, LLC",United States,Austin,30.2681,-97.7462
acme-journal.org,2,208.70.245.162,36483,GOSSAMERTHREADS - Gossamer Threads Inc.,Canada,Richmond Hill,43.8634,-79.3796
www.aag.org,2,23.227.38.74,13335,CLOUDFLARENET - Cloudflare,Canada,Ottawa,45.4153,-75.6894
link.springer.com,2,151.101.8.95,54113,FASTLY - Fastly,Belgium,Brussels,50.8534,4.347
interstices.ac.nz,2,156.62.238.57,24398,AUT-NZ-AP Auckland University of Technology,New Zealand,Auckland,-36.8504,174.7675
press.uchicago.edu,2,205.208.4.177,160,U-CHICAGO-AS - The University of Chicago,United States,Chicago,41.8018,-87.5993
actar.com,2,51.255.26.63,16276,OVH - OVH SAS,Spain,Madrid,40.4273,-3.71344
www.versobooks.com,2,23.227.38.74,13335,CLOUDFLARENET - Cloudflare,Canada,Ottawa,45.4153,-75.6894
www.wiley.com,2,104.18.42.79,13335,CLOUDFLARENET - Cloudflare,Canada,Toronto,43.6532,-79.3832
www.nai010.com,2,185.173.21.195,12859,NL-BIT - BIT BV,The Netherlands,Nijmegen,51.8243,5.77946
print.odisee.be,1,193.190.225.102,2611,BELNET,Belgium,Brussels,50.8534,4.347
set.kuleuven.be,1,134.58.64.19,2611,BELNET,Belgium,Leuven,50.8569,4.67684
www.kuleuven.be,1,134.58.64.12,2611,BELNET,Belgium,Leuven,50.8569,4.67684
awa.schrijfhulp.be,1,139.59.152.140,14061,DIGITALOCEAN-ASN - DigitalOcean,Germany,Frankfurt am Main,50.1169,8.6837
drive.google.com,1,74.125.206.113,15169,GOOGLE - Google LLC,United States,Mountain View,37.4225,-122.085
www.acsa-arch.org,1,52.6.185.147,14618,AMAZON-AES - Amazon.com,United States,Ashburn,39.0438,-77.4874
www.atelierromain.com,1,34.160.37.117,396982,GOOGLE-CLOUD-PLATFORM - Google LLC,United States,Kansas City,39.0997,-94.5785
www.urbanplatform.com,1,193.70.30.243,16276,OVH - OVH SAS,Belgium,Zaventem,50.871,4.47636
urbain-ac.be,1,5.134.7.201,34762,COMBELL-AS - Combell NV,Belgium,Ghent,51.0308,3.73532
svs.gsfc.nasa.gov,1,169.154.143.10,7847,NASA-HPCC-ESS - NASA Goddard Space Flight Center,United States,Ashburn,39.0438,-77.4874
svd360.com,1,75.2.60.5,16509,AMAZON-02 - Amazon.com,United States,Seattle,47.4815,-122.246
geojson.io,1,185.199.110.153,54113,FASTLY - Fastly,United States,San Francisco,37.7823,-122.391
runwayml.com,1,76.76.21.21,16509,AMAZON-02 - Amazon.com,United States,Walnut,34.0233,-117.8512
docs.circuitpython.org,1,104.16.254.120,13335,CLOUDFLARENET - Cloudflare,Canada,Toronto,43.6532,-79.3832
antiboredom.github.io,1,185.199.111.153,54113,FASTLY - Fastly,United States,San Francisco,37.7823,-122.391
freevectormaps.com,1,72.47.235.251,398101,GO-DADDY-COM-LLC - GoDaddy.com,United States,Tempe,33.3359,-111.894
planetpixelemporium.com,1,72.167.59.179,398101,GO-DADDY-COM-LLC - GoDaddy.com,United States,Tempe,33.3359,-111.894
www.gettyimages.co.uk,1,18.239.208.13,16509,AMAZON-02 - Amazon.com,Belgium,Brussels,50.8476,4.35717
tsdem.gitlab.io,1,35.185.44.232,396982,GOOGLE-CLOUD-PLATFORM - Google LLC,United States,North Charleston,32.8771,-80.013
www.technologyreview.com,1,192.0.66.184,2635,AUTOMATTIC - Automattic,United States,San Francisco,37.7794,-122.4176
docs.google.com,1,142.250.110.139,15169,GOOGLE - Google LLC,United States,Mountain View,37.4225,-122.085
www.wolframalpha.com,1,140.177.18.10,3361,DF-TUKWILA01 - Digital Fortress,United States,Seattle,47.6062,-122.332
zola.planning.nyc.gov,1,45.55.119.18,14061,DIGITALOCEAN-ASN - DigitalOcean,United States,Secaucus,40.7876,-74.06
blender.stackexchange.com,1,198.252.206.1,13335,CLOUDFLARENET - Cloudflare,United States,New York,40.7088,-74.0068
app.diagrams.net,1,104.18.5.247,13335,CLOUDFLARENET - Cloudflare,Canada,Toronto,43.6532,-79.3832
portal.opentopography.org,1,169.228.63.181,7377,UCSD - University of California,United States,San Diego,32.7405,-117.0935
aistudio.google.com,1,64.233.184.113,15169,GOOGLE - Google LLC,United States,Mountain View,37.422,-122.084
bellingcat.gitbook.io,1,172.64.147.209,13335,CLOUDFLARENET - Cloudflare,Canada,Toronto,43.6532,-79.3832
takeout.google.com,1,108.177.15.138,15169,GOOGLE - Google LLC,Belgium,Brussels,50.8477,4.3572
gitlab.com,1,172.65.251.78,13335,CLOUDFLARENET - Cloudflare,Canada,Toronto,43.6532,-79.3832
heremaps.github.io,1,185.199.108.153,54113,FASTLY - Fastly,United States,San Francisco,37.7823,-122.391
docs.python.org,1,151.101.64.223,54113,FASTLY - Fastly,Canada,Montreal,45.5019,-73.5674
monitor.eduroam.org,1,161.53.2.204,2108,CARNET-AS - Croatian Academic and Research Network,Croatia,Zagreb,45.8293,15.9793
grabcad.com,1,18.239.208.32,16509,AMAZON-02 - Amazon.com,Belgium,Brussels,50.8476,4.35717
www.datacentermap.com,1,66.33.60.130,16509,AMAZON-02 - Amazon.com,United States,Walnut,34.0119,-117.86
dgtlinfra.com,1,35.212.118.227,15169,GOOGLE - Google LLC,United States,Washington,38.9071,-77.0368
www.datacenters.com,1,216.150.16.65,16509,AMAZON-02 - Amazon.com,United States,Walnut,34.0119,-117.86
dataxconnect.com,1,208.76.80.80,16556,TOTALCHOICE-HOSTING - TotalChoice Hosting,United States,Ashburn,39.0438,-77.4874
www.opencellid.org,1,104.21.90.147,13335,CLOUDFLARENET - Cloudflare,Canada,Toronto,43.6532,-79.3832
geoxc-apps.bd.esri.com,1,18.239.208.39,16509,AMAZON-02 - Amazon.com,Belgium,Brussels,50.8476,4.35717
datastories.maynoothuniversity.ie,1,65.52.155.116,8075,MICROSOFT-CORP-MSN-AS-BLOCK - Microsoft Corporation,Netherlands,Amsterdam,52.3667,4.9
dktaylor916.github.io,1,185.199.109.153,54113,FASTLY - Fastly,United States,San Francisco,37.7823,-122.391
www.gdeltproject.org,1,35.193.24.254,396982,GOOGLE-CLOUD-PLATFORM - Google LLC,United States,Council Bluffs,41.2619,-95.8608
www.wired.com,1,18.239.208.34,16509,AMAZON-02 - Amazon.com,Belgium,Brussels,50.8476,4.35717
anatomyof.ai,1,104.21.2.198,13335,CLOUDFLARENET - Cloudflare,Canada,Toronto,43.6532,-79.3832
www.bestiario.org,1,138.201.118.169,24940,HETZNER-AS - Hetzner Online GmbH,Germany,Falkenstein,50.4777,12.3649
www.measurementlab.net,1,151.101.1.195,54113,FASTLY - Fastly,Canada,Montreal,45.5019,-73.5674
therefugeeproject.org,1,104.236.227.87,14061,DIGITALOCEAN-ASN - DigitalOcean,United States,Clifton,40.8364,-74.1403
flowingdata.com,1,104.25.19.110,13335,CLOUDFLARENET - Cloudflare,Canada,Toronto,43.6532,-79.3832
deck.gl,1,185.199.108.153,54113,FASTLY - Fastly,United States,San Francisco,37.7823,-122.391
www.fallen.io,1,35.168.226.192,14618,AMAZON-AES - Amazon.com,United States,Ashburn,39.0438,-77.4874
schweizerweltatlas.ch,1,195.176.107.173,559,SWITCH,Switzerland,Oberengstringen,47.4049,8.4631
www.antoinedelach.com,1,217.160.0.197,8560,IONOS-AS - IONOS SE,Germany,Essen,51.4576,7.02246
theyrule.net,1,104.225.208.23,46505,NIXIHOST - NixiHost.com Incorporated,United States,Dallas,32.8137,-96.8704
appliedinformation.group,1,198.202.211.1,209242,"CLOUDFLARESPECTRUM - Cloudflare London, LLC",United States,San Francisco,37.7708,-122.413
labs.rs,1,104.20.26.149,13335,CLOUDFLARENET - Cloudflare,Canada,Toronto,43.6532,-79.3832
extractivism.online,1,46.30.213.70,51468,ONECOM - One.com A/S,Denmark,Copenhagen,55.674,12.5696
this-person-does-not-exist.com,1,172.67.133.191,13335,CLOUDFLARENET - Cloudflare,Canada,Toronto,43.6532,-79.3832
picturesofinfinity.net,1,192.0.78.25,2635,AUTOMATTIC - Automattic,United States,San Francisco,37.7794,-122.4176
exonemo.com,1,34.231.155.64,14618,AMAZON-AES - Amazon.com,United States,Ashburn,39.0438,-77.4874
varcity.ethz.ch,1,129.132.207.140,559,SWITCH,Switzerland,Zurich,47.3826,8.5351
field-works.net,1,160.16.125.177,9370,SAKURA-B SAKURA Internet Inc.,Japan,Tokyo,35.6893,139.6899
www.mapillary.com,1,179.60.195.7,32934,FACEBOOK - Facebook,Belgium,Brussels,50.8534,4.347
safecast.org,1,209.87.149.175,36444,NEXCESS-NET - Liquid Web,United States,Detroit,42.3314,-83.0458
avs.auto,1,185.199.108.153,54113,FASTLY - Fastly,United States,San Francisco,37.7823,-122.391
fhp.incom.org,1,49.13.76.189,24940,HETZNER-AS - Hetzner Online GmbH,Germany,Falkenstein,50.4777,12.3649
aaron-meyers.com,1,69.163.185.51,26347,DREAMHOST-AS - New Dream Network,United States,Hillsboro,45.5397,-122.9638
citizensense.net,1,185.194.90.20,12488,KRYSTAL - Krystal Hosting Ltd,United Kingdom,London,51.5081,-0.1278
docs.smartcitizen.me,1,185.199.110.153,54113,FASTLY - Fastly,United States,San Francisco,37.7823,-122.391
shaowenbardzell.com,1,192.0.78.24,2635,AUTOMATTIC - Automattic,United States,San Francisco,37.7794,-122.4176
www.landskip.ch,1,3.215.100.79,14618,AMAZON-AES - Amazon.com,United States,Ashburn,39.0438,-77.4874
www.computationalarchitecturelab.org,1,198.185.159.145,53831,SQUARESPACE - Squarespace,United States,New York,40.7209,-74.001
unit-21.com,1,77.72.2.115,12488,KRYSTAL - Krystal Hosting Ltd,United Kingdom,London,51.5081,-0.1278
www.instagram.com,1,179.60.195.174,32934,FACEBOOK - Facebook,Belgium,Brussels,50.8534,4.347
gifcritique.wixsite.com,1,34.8.133.164,396982,GOOGLE-CLOUD-PLATFORM - Google LLC,United States,Kansas City,39.0997,-94.5785
bureau-spectacular.net,1,173.254.28.54,46606,UNIFIEDLAYER-AS-1 - Unified Layer,United States,Phoenix,33.4656,-111.9956
www.alephograph.com,1,198.49.23.145,53831,SQUARESPACE - Squarespace,United States,New York,40.7292,-74.0055
www.reuters.com,1,13.225.239.89,16509,AMAZON-02 - Amazon.com,Belgium,Brussels,50.8476,4.35717
www.punctr.art,1,151.101.11.7,54113,FASTLY - Fastly,Belgium,Brussels,50.8534,4.347
www.raisethecloud.org,1,195.110.124.188,39729,REGISTER-AS - REGISTER S.P.A.,Italy,Florence,43.7699,11.2701
extractivismos.galeriareplica.cl,1,35.206.81.224,19527,GOOGLE-2 - Google LLC,United States,Council Bluffs,41.2619,-95.8608
trafficcollective.com,1,3.234.189.133,14618,AMAZON-AES - Amazon.com,United States,Ashburn,39.0438,-77.4874
www.urbantactics.org,1,91.238.165.174,52148,ENIXLTD - Enix Ltd,United Kingdom,Fareham,50.8658,-1.24511
dmjn.net,1,172.67.205.150,13335,CLOUDFLARENET - Cloudflare,Canada,Toronto,43.6532,-79.3832
lifeforms.io,1,3.215.100.79,14618,AMAZON-AES - Amazon.com,United States,Ashburn,39.0438,-77.4874
worldmaking.xyz,1,172.67.165.143,13335,CLOUDFLARENET - Cloudflare,Canada,Toronto,43.6532,-79.3832
medium.com,1,162.159.153.4,13335,CLOUDFLARENET - Cloudflare,Canada,Toronto,43.6532,-79.3832
bplus.xyz,1,5.175.14.240,8972,GD-EMEA-DC-SXB1 - Host Europe GmbH,France,Strasbourg,48.5848,7.7419
numen.eu,1,92.205.49.7,21499,GODADDY-SXB - Host Europe GmbH,France,Strasbourg,48.5848,7.7419
www.lydiajessup.me,1,198.49.23.144,53831,SQUARESPACE - Squarespace,United States,New York,40.7292,-74.0055
www.ultramoderne.net,1,216.120.251.189,23535,HOSTROCKET - HostRocket.com,United States,Clifton Park,42.8495,-73.7569
hortence.com,1,5.134.6.58,34762,COMBELL-AS - Combell NV,Belgium,Ghent,51.0308,3.73532
mkca.com,1,141.193.213.11,209242,"CLOUDFLARESPECTRUM - Cloudflare London, LLC",United States,Austin,30.2681,-97.7462
futurearchitectureplatform.org,1,159.89.212.80,14061,DIGITALOCEAN-ASN - DigitalOcean,Germany,Frankfurt am Main,50.1169,8.6837
forensic-architecture.org,1,35.157.26.135,16509,AMAZON-02 - Amazon.com,Germany,Frankfurt am Main,50.1109,8.68213
situ.nyc,1,72.167.104.240,398101,GO-DADDY-COM-LLC - GoDaddy.com,United States,Tempe,33.3359,-111.894
carlijnkingma.com,1,173.203.204.123,33070,RMH-14 - Rackspace Hosting,United States,Dallas,32.7767,-96.797
www.cristianotoraldodifrancia.it,1,89.46.108.72,31034,ARUBA-ASN - Aruba S.p.A.,Italy,Arezzo,43.4631,11.8783
scanlabprojects.co.uk,1,18.239.208.50,16509,AMAZON-02 - Amazon.com,Belgium,Brussels,50.8476,4.35717
sketchfab.com,1,18.239.208.5,16509,AMAZON-02 - Amazon.com,Belgium,Brussels,50.8476,4.35717
normalfutu.re,1,51.91.236.193,16276,OVH - OVH SAS,France,Paris,48.8558,2.3494
cargocollective.com,1,3.213.150.120,14618,AMAZON-AES - Amazon.com,United States,Ashburn,39.0438,-77.4874
www.rsarchitecture-studio.com,1,213.158.90.225,34762,COMBELL-AS - Combell NV,Greece,Heraklion,35.3272,25.1371
worldarchitecture.org,1,104.21.17.101,13335,CLOUDFLARENET - Cloudflare,Canada,Toronto,43.6532,-79.3832
issuu.com,1,151.101.129.55,54113,FASTLY - Fastly,Canada,Montreal,45.5019,-73.5674
www.sharedcities.eu,1,23.219.236.2,16625,AKAMAI-AS - Akamai Technologies,Belgium,Brussels,50.8534,4.347
wordsinspace.net,1,104.198.14.52,396982,GOOGLE-CLOUD-PLATFORM - Google LLC,United States,The Dalles,45.5945,-121.1786
beyondresolution.info,1,3.234.189.133,14618,AMAZON-AES - Amazon.com,United States,Ashburn,39.0438,-77.4874
www.artforum.com,1,192.0.66.224,2635,AUTOMATTIC - Automattic,United States,San Francisco,37.7794,-122.4176
starts-prize.aec.at,1,49.12.47.115,24940,HETZNER-AS - Hetzner Online GmbH,Germany,Falkenstein,50.4777,12.3649
criticalengineering.org,1,90.187.37.21,3209,VODANET - Vodafone GmbH,Germany,Hanover,52.4251,9.8019
teaching.ellenmueller.com,1,74.208.236.56,8560,IONOS-AS - IONOS SE,United States,Kansas City,39.1008,-94.5811
www.fondation-langlois.org,1,104.21.35.33,13335,CLOUDFLARENET - Cloudflare,Canada,Toronto,43.6532,-79.3832
www.mat.ucsb.edu,1,128.111.26.242,131,UCSB-NET-AS - University of California,United States,Goleta,34.4275,-119.859
www.theboxplymouth.com,1,172.67.200.202,13335,CLOUDFLARENET - Cloudflare,Canada,Toronto,43.6532,-79.3832
artsplastiques.univ-paris8.fr,1,193.54.159.133,2200,FR-RENATER - Reseau National de telecommunications pour la Technologie,France,Paris,48.8558,2.3494
v2.nl,1,85.10.159.28,34762,COMBELL-AS - Combell NV,The Netherlands,Eindhoven,51.453,5.44898
proboscis.org.uk,1,5.153.225.41,35425,BYTEMARK-AS - IOMART MANAGED SERVICES LIMITED,United Kingdom,York,53.9801,-1.13009
electricalwalks.org,1,85.13.139.166,34788,NMM-AS - Neue Medien Muennich GmbH,Germany,Neusalza-Spremberg,51.0328,14.5547
firstchoiceforlastplace.com,1,173.225.104.91,19318,IS-AS-1 - Interserver,United States,Whippany,40.8207,-74.4231
christinakubisch.de,1,81.169.145.148,6724,STRATO - Strato GmbH,Germany,Berlin,52.5234,13.3224
pain.yugo.at,1,185.210.68.93,42500,FOOBAR-AS - foobar LLC,Switzerland,Bern,46.948,7.44745
constantvzw.org,1,79.99.201.131,44312,MAS-ALL2ALL - Moving Art Studio ASBL,Belgium,Ixelles-Elsene,50.8282,4.36918
youtu.be,1,64.233.184.91,15169,GOOGLE - Google LLC,United States,Mountain View,37.422,-122.084
depts.washington.edu,1,128.208.61.21,73,WASHINGTON-AS - University of Washington,United States,Seattle,47.6859,-122.2994
machinicprotocols.com,1,217.160.0.63,8560,IONOS-AS - IONOS SE,Germany,Essen,51.4576,7.02246
www.elasticspace.com,1,35.227.194.51,396982,GOOGLE-CLOUD-PLATFORM - Google LLC,United States,Kansas City,39.0997,-94.5785
www.territorialagency.com,1,198.202.211.1,209242,"CLOUDFLARESPECTRUM - Cloudflare London, LLC",United States,San Francisco,37.7708,-122.413
transverse-art.com,1,217.160.0.144,8560,IONOS-AS - IONOS SE,Germany,Essen,51.4576,7.02246
www.benayoun.com,1,45.60.23.149,19551,INCAPSULA - Incapsula Inc,United States,Miami,25.7617,-80.1918
www.polakvanbekkum.com,1,83.96.176.80,31586,AS-TBNLTN - Signet B.V.,The Netherlands,Rotterdam,51.9399,4.4712
yugo.at,1,185.210.68.93,42500,FOOBAR-AS - foobar LLC,Switzerland,Bern,46.948,7.44745
atlas.smartforests.net,1,216.24.57.1,397273,RENDER - Render,United States,San Francisco,37.7775,-122.397
brendandawes.com,1,72.167.59.89,398101,GO-DADDY-COM-LLC - GoDaddy.com,United States,Tempe,33.3359,-111.894
studiodrift.com,1,199.16.173.83,2635,AUTOMATTIC - Automattic,United States,San Francisco,37.7794,-122.4176
www.leewalton.com,1,18.235.135.157,14618,AMAZON-AES - Amazon.com,United States,Ashburn,39.0438,-77.4874
contemporary.burlington.org.uk,1,104.21.23.73,13335,CLOUDFLARENET - Cloudflare,Canada,Toronto,43.6532,-79.3832
fritz.ai,1,104.26.9.32,13335,CLOUDFLARENET - Cloudflare,Canada,Toronto,43.6532,-79.3832
www.speculativelife.com,1,198.185.159.144,53831,SQUARESPACE - Squarespace,United States,New York,40.7126,-74.0066
donhanson.art,1,143.198.166.178,14061,DIGITALOCEAN-ASN - DigitalOcean,United States,North Bergen,40.7964,-74.0203
rlfbckr.io,1,185.199.111.153,54113,FASTLY - Fastly,United States,San Francisco,37.7823,-122.391
greg.org,1,216.92.143.78,7859,PAIR-NETWORKS - pair Networks,United States,Pittsburgh,40.4406,-79.9958
experience.arcgis.com,1,18.239.83.124,16509,AMAZON-02 - Amazon.com,The Netherlands,Amsterdam,52.3676,4.90414
feralatlas.org,1,51.81.160.131,16276,OVH - OVH SAS,United States,Hillsboro,45.526,-122.9874
dsl.richmond.edu,1,141.166.39.124,20105,URICHMOND - University of Richmond,United States,Richmond,37.5635,-77.4838
thetruesize.com,1,188.114.97.4,13335,CLOUDFLARENET - Cloudflare,Canada,Toronto,43.6532,-79.3832
openinframap.org,1,104.26.15.192,13335,CLOUDFLARENET - Cloudflare,Canada,Toronto,43.6532,-79.3832
www.submarinecablemap.com,1,104.130.169.80,27357,RACKSPACE - Rackspace Hosting,United States,Windcrest,29.508,-98.3942
www.infrapedia.com,1,35.245.119.203,396982,GOOGLE-CLOUD-PLATFORM - Google LLC,United States,Washington,38.9071,-77.0368
wigle.net,1,54.70.85.50,16509,AMAZON-02 - Amazon.com,United States,Portland,45.5235,-122.676
technopolice.be,1,79.99.201.101,44312,MAS-ALL2ALL - Moving Art Studio ASBL,Belgium,Ixelles-Elsene,50.8282,4.36918
www.strava.com,1,13.225.239.42,16509,AMAZON-02 - Amazon.com,Belgium,Brussels,50.8476,4.35717
www.elledecor.com,1,151.101.8.155,54113,FASTLY - Fastly,Belgium,Brussels,50.8534,4.347
haque.co.uk,1,172.67.184.36,13335,CLOUDFLARENET - Cloudflare,Canada,Toronto,43.6532,-79.3832
www.publicartfund.org,1,172.67.168.42,13335,CLOUDFLARENET - Cloudflare,Canada,Toronto,43.6532,-79.3832
www.sf.biomapping.net,1,173.236.194.61,26347,DREAMHOST-AS - New Dream Network,United States,Ashburn,39.0228,-77.4549
miro.com,1,13.225.239.86,16509,AMAZON-02 - Amazon.com,Belgium,Brussels,50.8476,4.35717
buildtheearth.net,1,104.21.76.151,13335,CLOUDFLARENET - Cloudflare,Canada,Toronto,43.6532,-79.3832
www.antievictionmappingproject.net,1,66.96.149.27,29873,BIZLAND-SD - Newfold Digital,United States,Jacksonville,30.2439,-81.5322
ejatlas.org,1,104.21.83.124,13335,CLOUDFLARENET - Cloudflare,Canada,Toronto,43.6532,-79.3832
notanatlas.org,1,86.107.36.133,52030,SERVERPLAN-AS - Server Plan S.r.l.,Italy,Cassino,41.4879,13.8309
www.queeringthemap.com,1,104.20.41.142,13335,CLOUDFLARENET - Cloudflare,Canada,Toronto,43.6532,-79.3832
maps.sensor.community,1,212.132.110.29,8560,IONOS-AS - IONOS SE,Germany,Berlin,52.52,13.405
noise-planet.org,1,185.199.111.153,54113,FASTLY - Fastly,United States,San Francisco,37.7823,-122.391
www.joycekozloff.net,1,198.185.159.144,53831,SQUARESPACE - Squarespace,United States,New York,40.7126,-74.0066
webkaart.hoogspanningsnet.com,1,141.138.169.253,20847,PREVIDER-AS - Previder B.V.,The Netherlands,Enschede,52.2353,6.85265
www.shipmap.org,1,172.67.159.205,13335,CLOUDFLARENET - Cloudflare,Canada,Toronto,43.6532,-79.3832
antennenozeane.de,1,85.13.131.206,34788,NMM-AS - Neue Medien Muennich GmbH,Germany,Neusalza-Spremberg,51.0328,14.5547
tate.org.uk,1,151.101.9.91,54113,FASTLY - Fastly,Belgium,Brussels,50.8505,4.3488
transfergallery.com,1,173.201.190.248,398101,GO-DADDY-COM-LLC - GoDaddy.com,United States,Tempe,33.3359,-111.894
lukortet.lu.se,1,130.235.20.67,2846,Lund University,Sweden,Södra Sandby,55.715,13.3275
www.vrham.de,1,88.198.28.40,24940,HETZNER-AS - Hetzner Online GmbH,Germany,Nuremberg,49.4527,11.0783
rootsandseedsxxi.eu,1,82.98.175.237,42612,DINAHOSTING-AS - DinaHosting S.L.,Spain,Madrid,40.4153,-3.694
www.stimuleringsfonds.nl,1,185.173.20.179,12859,NL-BIT - BIT BV,The Netherlands,Nijmegen,51.8559,5.83888
urbanstudies.brussels,1,31.7.7.26,20847,PREVIDER-AS - Previder B.V.,The Netherlands,Almelo,52.3264,6.64968
necs.org,1,85.13.167.195,34788,NMM-AS - Neue Medien Muennich GmbH,Germany,Neusalza-Spremberg,51.0327,14.5548
www.v2.nl,1,85.10.159.28,34762,COMBELL-AS - Combell NV,The Netherlands,Eindhoven,51.453,5.44898
nieuweinstituut.nl,1,76.76.21.21,16509,AMAZON-02 - Amazon.com,United States,Walnut,34.0233,-117.8512
www.architectureworkroom.eu,1,188.208.36.136,34762,COMBELL-AS - Combell NV,Belgium,Ghent,51.1137,3.78912
swissdesignnetwork.ch,1,185.125.27.182,29222,INFOMANIAK-AS - Infomaniak Network SA,Switzerland,Geneva,46.1912,6.13048
cumulusassociation.org,1,13.61.165.198,16509,AMAZON-02 - Amazon.com,Sweden,Stockholm,59.3293,18.0686
www.materialfutures.com,1,198.49.23.145,53831,SQUARESPACE - Squarespace,United States,New York,40.7292,-74.0055
www.digitalurban.org,1,92.205.14.172,21499,GODADDY-SXB - Host Europe GmbH,France,Strasbourg,48.5848,7.7419
019-ghent.org,1,83.217.74.249,34762,COMBELL-AS - Combell NV,Belgium,Ghent,51.1134,3.78901
latentspaces.zhdk.ch,1,195.176.247.111,559,SWITCH,Switzerland,Geneva,46.1922,6.1589
www.e-flux.com,1,216.150.1.193,16509,AMAZON-02 - Amazon.com,United States,Walnut,34.0119,-117.86
www.arch.hku.hk,1,167.71.213.91,14061,DIGITALOCEAN-ASN - DigitalOcean,Singapore,Singapore,1.32123,103.695
www.artthinking.com.au,1,198.49.23.144,53831,SQUARESPACE - Squarespace,United States,New York,40.7292,-74.0055
mas-utd.arch.ethz.ch,1,129.132.18.39,559,SWITCH,Switzerland,Zurich,47.4247,8.547
www.communitytechny.org,1,198.202.211.1,209242,"CLOUDFLARESPECTRUM - Cloudflare London, LLC",United States,San Francisco,37.7708,-122.413
www.topologicalatlas.net,1,107.6.176.102,32475,SINGLEHOP-LLC - Internap Holding LLC,The Netherlands,Amsterdam,52.2832,4.7521
milieux.concordia.ca,1,208.113.252.156,26347,DREAMHOST-AS - New Dream Network,United States,Hillsboro,45.5579,-122.917
www.anteverti.com,1,217.76.130.137,8560,IONOS-AS - IONOS SE,Spain,Madrid,40.4167,-3.70329
urbannext.net,1,51.255.26.63,16276,OVH - OVH SAS,Spain,Madrid,40.4273,-3.71344
soundcloud.com,1,52.84.150.52,16509,AMAZON-02 - Amazon.com,United States,Ashburn,39.0438,-77.4874
www.newmodels.io,1,66.33.60.129,16509,AMAZON-02 - Amazon.com,United States,Walnut,34.0119,-117.86
wiadomosci.wp.pl,1,212.77.98.63,12827,WIRTUALNAPOLSKA - Wirtualna Polska Media S.A.,Poland,Warsaw,52.2297,21.0122
wiadomosci.dziennik.pl,1,13.225.239.127,16509,AMAZON-02 - Amazon.com,Belgium,Brussels,50.8476,4.35717
www.fakt.pl,1,18.239.208.108,16509,AMAZON-02 - Amazon.com,Belgium,Brussels,50.8476,4.35717
www.rmf24.pl,1,217.74.71.145,16138,INTERIAPL - Interia.pl Sp z.o.o.,Poland,Krakow,50.0787,20.0316
architektura.muratorplus.pl,1,172.67.71.243,13335,CLOUDFLARENET - Cloudflare,Canada,Toronto,43.6532,-79.3832
senat.edu.pl,1,104.21.72.212,13335,CLOUDFLARENET - Cloudflare,Canada,Toronto,43.6532,-79.3832
wyborcza.pl,1,80.252.0.226,8535,AGORA - Agora TC Sp.z.o.o.,Poland,Warsaw,52.2054,21.0418
www.sejm.gov.pl,1,45.60.74.29,19551,INCAPSULA - Incapsula Inc,United States,Miami,25.7617,-80.1918
www.foreignaffairs.com,1,104.18.15.158,13335,CLOUDFLARENET - Cloudflare,Canada,Toronto,43.6532,-79.3832
www.theatlantic.com,1,104.18.22.18,13335,CLOUDFLARENET - Cloudflare,Canada,Toronto,43.6532,-79.3832
www.opendemocracy.net,1,172.66.147.96,13335,CLOUDFLARENET - Cloudflare,Canada,Toronto,43.6532,-79.3832
www.nytimes.com,1,151.101.9.164,54113,FASTLY - Fastly,Belgium,Brussels,50.8534,4.347
www.nbcnews.com,1,23.12.149.159,16625,AKAMAI-AS - Akamai Technologies,Belgium,Brussels,50.8534,4.347
news.bbc.co.uk,1,212.58.244.57,2818,BBC,United Kingdom,London,51.5072,-0.127586
wagingnonviolence.org,1,204.19.241.67,6939,HURRICANE - Hurricane Electric LLC,United States,Covina,34.0901,-117.881
web.archive.org,1,207.241.237.3,7941,INTERNET-ARCHIVE - Internet Archive,United States,San Francisco,37.7823,-122.472
libcom.org,1,172.67.195.239,13335,CLOUDFLARENET - Cloudflare,Canada,Toronto,43.6532,-79.3832
www.schirn.de,1,202.61.252.197,197540,NETCUP-AS - netcup GmbH,Germany,Nuremberg,49.4423,11.0191
papertiger.org,1,204.19.241.95,6939,HURRICANE - Hurricane Electric LLC,United States,New York,40.7528,-73.9725
www.galeriareplica.cl,1,35.206.81.224,19527,GOOGLE-2 - Google LLC,United States,Council Bluffs,41.2619,-95.8608
www.jaeonline.org,1,192.124.249.187,30148,SUCURI-SEC - Sucuri,United States,Menifee,33.7283,-117.1464
www.wildtronics.com,1,192.185.48.37,19871,NETWORK-SOLUTIONS-HOSTING - Network Solutions,United States,Jacksonville,30.2493,-81.5268
pastvu.com,1,104.26.9.180,13335,CLOUDFLARENET - Cloudflare,Canada,Toronto,43.6532,-79.3832
culture.pl,1,104.26.2.120,13335,CLOUDFLARENET - Cloudflare,Canada,Toronto,43.6532,-79.3832
warszawa.naszemiasto.pl,1,104.18.6.185,13335,CLOUDFLARENET - Cloudflare,Canada,Toronto,43.6532,-79.3832
fotopolska.eu,1,79.110.203.11,35179,KORBANK-AS - Korbank S. A.,Poland,Wroclaw,51.09,17.017
www.csis.org,1,23.185.0.3,54113,FASTLY - Fastly,United States,San Francisco,37.7922,-122.406
www.vox.com,1,151.101.9.91,54113,FASTLY - Fastly,Belgium,Brussels,50.8534,4.347
www.gsd.harvard.edu,1,141.193.213.20,209242,"CLOUDFLARESPECTRUM - Cloudflare London, LLC",United States,Austin,30.2681,-97.7462
www.decolonizing.ps,1,213.160.71.102,12574,ROUTING - Hosting.de GmbH,Germany,Aachen,50.7753,6.08389
extinctionrebellion.uk,1,195.15.229.15,29222,INFOMANIAK-AS - Infomaniak Network SA,Switzerland,Geneva,46.2052,6.142
apnews.com,1,104.16.23.8,13335,CLOUDFLARENET - Cloudflare,Canada,Toronto,43.6532,-79.3832
www.bldgblog.com,1,67.205.29.79,26347,DREAMHOST-AS - New Dream Network,United States,Ashburn,39.0228,-77.4549
cp.catapult.org.uk,1,62.100.204.52,12488,KRYSTAL - Krystal Hosting Ltd,United Kingdom,London,51.5081,-0.1278
science.nasa.gov,1,192.0.66.161,2635,AUTOMATTIC - Automattic,United States,San Francisco,37.7794,-122.4176
www.anthroposphere.co.uk,1,34.160.37.117,396982,GOOGLE-CLOUD-PLATFORM - Google LLC,United States,Kansas City,39.0997,-94.5785
www.urbanfieldnaturalist.org,1,116.90.51.41,55803,HOSTOPIA-AU Hostopia Australia Web Pty Ltd,Australia,Surry Hills,-33.8883,151.208
player.bfi.org.uk,1,104.20.37.192,13335,CLOUDFLARENET - Cloudflare,Canada,Toronto,43.6532,-79.3832
playgameoflife.com,1,63.176.8.218,16509,AMAZON-02 - Amazon.com,Germany,Frankfurt am Main,50.1109,8.68213
hackernoon.com,1,104.18.23.237,13335,CLOUDFLARENET - Cloudflare,Canada,Toronto,43.6532,-79.3832
www.glass-bead.org,1,91.216.107.112,210403,LWS - Groupe LWS SARL,France,Golbey,48.1982,6.44058
urbanecologies.net,1,104.37.38.116,51468,ONECOM - One.com A/S,Norway,Oslo,59.9056,10.7494
www.geekwire.com,1,172.66.160.202,13335,CLOUDFLARENET - Cloudflare,Canada,Toronto,43.6532,-79.3832
exposingtheinvisible.org,1,172.105.80.210,63949,AKAMAI-LINODE-AP Akamai Connected Cloud,Germany,Frankfurt am Main,50.1169,8.6837
datasociety.net,1,172.66.139.184,13335,CLOUDFLARENET - Cloudflare,Canada,Toronto,43.6532,-79.3832
sytaffel.com,1,162.241.24.173,31898,ORACLE-BMC-31898 - Oracle Corporation,United States,Phoenix,33.466,-112.012
csis-website-prod.s3.amazonaws.com,1,16.15.193.255,14618,AMAZON-AES - Amazon.com,United States,Ashburn,39.0438,-77.4874
journals.open.tudelft.nl,1,131.180.77.103,1128,TUDELFT-NL - SURF B.V.,The Netherlands,Delft,51.9975,4.3604
www.ardeth.eu,1,89.46.105.34,31034,ARUBA-ASN - Aruba S.p.A.,Italy,Arezzo,43.4631,11.8783
eahn.org,1,5.134.7.198,34762,COMBELL-AS - Combell NV,Belgium,Ghent,51.0308,3.73532
www.architecture.yale.edu,1,15.197.152.254,16509,AMAZON-02 - Amazon.com,Canada,Montreal,45.5019,-73.5674
think.taylorandfrancis.com,1,104.19.253.95,13335,CLOUDFLARENET - Cloudflare,Canada,Toronto,43.6532,-79.3832
guides.library.stanford.edu,1,34.194.39.199,14618,AMAZON-AES - Amazon.com,United States,Ashburn,39.0438,-77.4874
antipodeonline.org,1,172.64.147.111,13335,CLOUDFLARENET - Cloudflare,Canada,Toronto,43.6532,-79.3832
www.aias.org,1,162.159.134.42,13335,CLOUDFLARENET - Cloudflare,Canada,Toronto,43.6532,-79.3832
www.jola-lab.eu,1,217.160.0.122,8560,IONOS-AS - IONOS SE,Germany,Essen,51.4576,7.02246
au-magazine.com,1,157.7.189.53,7506,INTERQ GMO Internet Group,Japan,Chiyoda City,35.6916,139.768
spool.ac,1,104.21.47.180,13335,CLOUDFLARENET - Cloudflare,Canada,Toronto,43.6532,-79.3832
www.tandfonline.com,1,172.64.148.133,13335,CLOUDFLARENET - Cloudflare,Canada,Toronto,43.6532,-79.3832
utppublishing.com,1,172.64.155.160,13335,CLOUDFLARENET - Cloudflare,Canada,Toronto,43.6532,-79.3832
www.intellectbooks.com,1,162.13.208.43,15395,RACKSPACE-LON - Rackspace Ltd.,United Kingdom,London,51.5074,-0.127758
www.dimensions-journal.eu,1,85.13.144.197,34788,NMM-AS - Neue Medien Muennich GmbH,Germany,Neusalza-Spremberg,51.0328,14.5547
www.monu-magazine.com,1,77.111.243.13,51468,ONECOM - One.com A/S,Denmark,Copenhagen,55.674,12.5696
architectureinpractice.eu,1,92.222.48.104,16276,OVH - OVH SAS,France,Paris,48.8558,2.3494
gta.arch.ethz.ch,1,129.132.19.216,559,SWITCH,Switzerland,Zurich,47.4247,8.547
journals.fupress.net,1,150.217.5.106,137,ASGARR - Consortium GARR,Italy,Bologna,44.4847,11.328
www.designhistorysociety.org,1,18.134.18.48,16509,AMAZON-02 - Amazon.com,United Kingdom,London,51.5074,-0.127758
www.digitalcultureandeducation.com,1,198.185.159.144,53831,SQUARESPACE - Squarespace,United States,New York,40.7126,-74.0066
ojs.weizenbaum-institut.de,1,88.198.132.237,24940,HETZNER-AS - Hetzner Online GmbH,Germany,Falkenstein,50.4777,12.3649
revistes.ub.edu,1,161.116.110.146,13041,CESCA-AC - Consorci de Serveis Universitaris de Catalunya,Spain,Sant Cugat del Vallès,41.4656,2.0794
www.ocean-space.org,1,3.125.40.241,16509,AMAZON-02 - Amazon.com,Germany,Frankfurt am Main,50.1109,8.68213
www.bartlettdesignresearchfolios.com,1,94.46.175.12,24768,ALMOUROLTEC - ALMOUROLTEC SERVICOS DE INFORMATICA E INTERNET LDA,Portugal,Lisbon,38.729,-9.1551
playingfutures.today,1,93.95.229.16,44925,THE-1984-AS - 1984 ehf,Iceland,Reykjavik,64.1476,-21.9392
jacket2.org,1,23.185.0.4,54113,FASTLY - Fastly,United States,San Francisco,37.7922,-122.406
www.only-if.com,1,198.12.239.224,398101,GO-DADDY-COM-LLC - GoDaddy.com,United States,Tempe,33.3359,-111.894
www.interboropartners.com,1,66.33.60.35,16509,AMAZON-02 - Amazon.com,United States,Walnut,34.0119,-117.86
theanarchistlibrary.org,1,216.252.162.140,6939,HURRICANE - Hurricane Electric LLC,United States,San Francisco,37.7922,-122.435
www.sionline.researche-editions.cddc.vt.edu,1,107.22.24.74,14618,AMAZON-AES - Amazon.com,United States,Ashburn,39.0438,-77.4874
www.penguinrandomhouse.com,1,13.225.239.13,16509,AMAZON-02 - Amazon.com,Belgium,Brussels,50.8476,4.35717
cartographicperspectives.org,1,208.70.247.107,36483,GOSSAMERTHREADS - Gossamer Threads Inc.,Canada,Richmond Hill,43.8634,-79.3796
books.google.be,1,74.125.133.113,15169,GOOGLE - Google LLC,United States,Mountain View,37.4225,-122.085
andersonuniversity.ecampus.com,1,184.24.100.194,16625,AKAMAI-AS - Akamai Technologies,Belgium,Brussels,50.8534,4.347
birkhauser.com,1,3.121.134.215,16509,AMAZON-02 - Amazon.com,Germany,Frankfurt am Main,50.1109,8.68213
sk.sagepub.com,1,13.87.132.106,8075,MICROSOFT-CORP-MSN-AS-BLOCK - Microsoft Corporation,United States,San Francisco,37.783,-122.417
www.planum.net,1,144.76.137.172,24940,HETZNER-AS - Hetzner Online GmbH,Germany,Falkenstein,50.4777,12.3649
www.pps.org,1,198.202.211.1,209242,"CLOUDFLARESPECTRUM - Cloudflare London, LLC",United States,San Francisco,37.7708,-122.413
scholarship.law.columbia.edu,1,13.57.92.51,16509,AMAZON-02 - Amazon.com,United States,San Jose,37.3394,-121.895
www.ucpress.edu,1,44.239.135.60,16509,AMAZON-02 - Amazon.com,United States,Portland,45.5235,-122.676
global.oup.com,1,52.214.176.16,16509,AMAZON-02 - Amazon.com,Ireland,Dublin,53.3498,-6.26031
www.politybooks.com,1,172.64.154.120,13335,CLOUDFLARENET - Cloudflare,Canada,Toronto,43.6532,-79.3832
mediarep.org,1,137.248.16.6,680,DFN - Verein zur Foerderung eines Deutschen Forschungsnetzes e.V.,Germany,Marburg,50.8114,8.7781
methods.sagepub.com,1,13.87.132.106,8075,MICROSOFT-CORP-MSN-AS-BLOCK - Microsoft Corporation,United States,San Francisco,37.783,-122.417
aaa.org.hk,1,122.248.252.196,16509,AMAZON-02 - Amazon.com,Singapore,Singapore,1.28009,103.851
www.dukeupress.edu,1,20.119.136.3,8075,MICROSOFT-CORP-MSN-AS-BLOCK - Microsoft Corporation,United States,Boydton,36.677696,-78.37471
www.kellereasterling.com,1,34.227.228.251,14618,AMAZON-AES - Amazon.com,United States,Ashburn,39.0438,-77.4874
archplus.net,1,134.119.240.1,34011,GD-EMEA-DC-CGN1 - Host Europe GmbH,Germany,Cologne,50.9301,6.9544
academic.oup.com,1,104.18.13.179,13335,CLOUDFLARENET - Cloudflare,Canada,Toronto,43.6532,-79.3832
jamesbridle.com,1,213.108.104.117,47172,GREENHOST - Greenhost BV,The Netherlands,Amsterdam,52.3539,4.91309
cup.columbia.edu,1,162.159.134.42,13335,CLOUDFLARENET - Cloudflare,Canada,Toronto,43.6532,-79.3832
www.bloomsbury.com,1,104.20.46.13,13335,CLOUDFLARENET - Cloudflare,Canada,Toronto,43.6532,-79.3832
www.hbs.edu,1,18.239.208.30,16509,AMAZON-02 - Amazon.com,Belgium,Brussels,50.8476,4.35717
www.archplus.net,1,134.119.240.1,34011,GD-EMEA-DC-CGN1 - Host Europe GmbH,Germany,Cologne,50.9301,6.9544
data-feminism.mitpress.mit.edu,1,15.197.152.254,16509,AMAZON-02 - Amazon.com,Canada,Montreal,45.5019,-73.5674
officeforpoliticalinnovation.com,1,212.24.103.73,212531,"INTERNETO-VIZIJA - UAB ""Interneto vizija""",Lithuania,Vilnius,54.6912,25.2816
verticalatlas.net,1,76.76.21.21,16509,AMAZON-02 - Amazon.com,United States,Walnut,34.0233,-117.8512
aadr.info,1,185.175.196.2,34762,COMBELL-AS - Combell NV,Germany,Frankfurt am Main,50.1109,8.68213
mitpressbookstore.mit.edu,1,23.219.226.29,16625,AKAMAI-AS - Akamai Technologies,Belgium,Brussels,50.8534,4.347
mediathek.hgk.fhnw.ch,1,147.86.10.30,559,SWITCH,Switzerland,Windisch,47.4817,8.21136
www.atlasofdigitalarchitecture.com,1,81.19.159.71,8560,IONOS-AS - IONOS SE,Austria,Linz,48.3069,14.2859
us.sagepub.com,1,151.101.10.133,54113,FASTLY - Fastly,Belgium,Brussels,50.8505,4.3488
www.cambridge.org,1,104.17.110.190,13335,CLOUDFLARENET - Cloudflare,Canada,Toronto,43.6532,-79.3832
